0,CombatZoneResize,239,226,404,391,TLResume,,
0,HeartTeleport,320,376,,,,,
0,SansText,ahahahahahah.,,,,
0,SansText,why do you want to           PROCEED with this?,,,,,
0,SansText,heh.,,,
0,SansText,do the both of them          know how to tread water?,,,,,,
0,SansText,are they just stupid?,,,,,,
0,SansText,...,,,
0.5,SansSlam,1,,
0.2,HeartMode,0,,
0.2,SineBones,20,-25,118,99,,,
0,SineBones,20,25,118,99,,,
3.9,GasterBlaster,1,0,0,189,246,0,0.333,0.26666
0,GasterBlaster,1,0,0,259,166,90,0.333,0.26666
0,GasterBlaster,1,640,480,369,446,270,0.333,0.8
1.1,GasterBlaster,1,320,0,320,126,90,0.4,0.2,,,,
0,GasterBlaster,1,320,480,320,491,270,0.4,0.2,,,,
0,GasterBlaster,1,0,0,189,246,0,0.4,0.2,,,,
0,GasterBlaster,1,640,480,449,366,180,0.4,0.2,,,,
2,SANSBODY,HANDDOWN,,,,,,,,,,,
0,SansSlam,1,,,,,,,,,,,
0.2,SansAnimation,,,,,,,,,,,,
0,GasterBlaster,1,640,480,449,436,225,0.4,0.2,,,,
0,GasterBlaster,1,0,480,189,436,315,0.4,0.2,,,,
1.4,SANSBODY,HANDLEFT,,,,,,,,,,,
0,SansSlam,0,,,,,,,,,,,
0.2,SansAnimation,,,,,,,,,,,,
0,GasterBlaster,1,0,0,189,246,0,0.4,0.2,,,,
0,GasterBlaster,1,0,0,259,166,90,0.4,0.2,,,,
0,GasterBlaster,1,640,480,449,366,180,0.4,0.2,,,,
0,GasterBlaster,1,640,480,379,446,270,0.4,0.2,,,,
2,HeartMode,1,,,,,,,
0,Sound,Ding,,,,,,,
1,SansBody,HandLeft,,,,,,,
0,sansslam,2,,,,,,,
0.2,BoneStab,2,29,0.1333,1,,,,
0,BoneStab,0,115,0.1333,1,,,,
0.1,HeartMode,0,,,,,,,
0.1,TLResume,,,,,,,
0.1,HeartMode,1,,,,,,,
0,Sound,Ding,,,,,,,
3,Platform,640,346,51,2,150,,
0.2,BoneV,128,240,3000,0,280,1
0.2,BoneV,503,240,3000,2,280,1
0.4,BoneVRepeat,508,356,40,2,120,58,15
0.4,Platform,640,296,51,2,150,,
0.5,Platform,640,346,51,2,150,,
0.4,Platform,640,296,31,2,60,,
0.2,BoneV,128,240,3000,0,280,1
0.6,Platform,640,326,51,2,150,,
0.7,Platform,640,336,51,2,150,,
0.4,Platform,640,316,51,2,150,,
1.5,BoneV,133,257,905,0,90,1,
0.7,BoneV,508,276,110,2,240,1,
8,EndAttack,,,,,,,,
