0,CombatZoneResizeinstant,241,226,406,391,,,,
0,HeartTeleport,320,304,,,,,
0,HeartMode,0,,,,,,
0,SansText,masturbation is bad,,
0.5,BlackScreen,0,,,,,,,
0.2,BlackScreen,1,,,,,,,
0,Sound,Flash,,,,,,,
0,CombatZoneResizeinstant,241,226,406,391,,,,
0,HeartTeleport,320,304,,,,,,
0,HeartMode,0,,,,,,,
0.3,BlackScreen,0,,,,,,,
0.2,BlackScreen,1,,,,,,,
0,CombatZoneResizeinstant,241,226,406,391,,,,
0,HeartTeleport,320,304,,,,,,
0,HeartMode,1,,,,,,,
0.3,BlackScreen,0,,,,,,,
1.4,BoneVRepeat,133,356,40,0,200,101,15
0,PlatformRepeat,-61,346,61,0,300,8,333,
0.1,BoneStab,3,55,0.6,3.5,,
2.5,GasterBlaster,1,0,0,259,166,90,0.4,0.2,,,,
0,GasterBlaster,1,640,480,449,366,185,0.4,0.2,,,,
2.5,GasterBlaster,1,0,0,189,246,0,0.4,0.2,,,,
0,GasterBlaster,1,0,0,189,246,0,0.333,0.26666
0,GasterBlaster,1,640,480,449,366,180,0.4,0.2,,,,
4.9,BlackScreen,1,,,,,,,
0,Sound,Flash,,,,,,,
0,CombatZoneResizeinstant,241,251,406,391,,,,
0,HeartTeleport,320,304,,,,,,
0,HeartMode,1,,,,,,,
0.3,BlackScreen,0,,,,,,,
0,DamagePlayer,-46,1,,,,,,
0,Sound,playerheal,,,,,,,
0,PlatformRepeat,15,346,61,0,120,15,150,
1,BoneVRepeat,133,356,40,0,250,300,15,
0,BoneVRepeat,133,326,60,0,150,25,100,
0,BoneVRepeat,508,256,70,2,150,30,85,
10,BlackScreen,1,,,,,,,
0,Sound,Flash,,,,,,,
0,BlackScreen,1,,
0.2,BlackScreen,0,,
0,SansRepeat,,
0,SansTorso,Default,,,
0,SansHead,Default,,
0.2,SansEndRepeat,,,
0,SansAnimation,Idle,,
0,SansHead,NoEyes,,
0,SansText,you should have stopped       before the constipation     revolution started,,
0,SansText,i could have won that,,,,,,
0,SansText,but tenna took it away,,,,,,
0,SansText,i hate tumblr.,,,,,
0,Sound,PlayerHeal,,
0,DamagePlayer,-21,1,,,
0,sound,warning,,,,,
0,sound,flash,,,,,
0,SansBody,handdown,,,,
0.2,SansSlam,1,,,
0.3,bonestab,1,55,0.6,0.3,,
0,sound,bonestab,,
0.5,GasterBlaster,1,0,0,189,176,45,0.4,0.2,,,,
0,GasterBlaster,1,640,0,449,176,135,0.4,0.2,,,,
0,sound,warning,,
0,SansBody,HandRight,,,
0,SansSlam,0,,
0.2,BoneStab,0,40,0.6,0.25,,,
0.2,GasterBlaster,1,0,240,139,306,0,0.72,0.2,,,,
0,Sound,Flash,,,,,,
5.2,EndAttack
0.15,GasterBlaster,1,640,480,379,446,270,0.72,0.27
