0,CombatZoneResize,133,251,508,391,TLResume,
0,HeartTeleport,320,376,,,,
0,HeartMode,1,,,,,
0,TLPause,,,,,,
0,SansText,get ready to be flushed,,,,,,,
0,SansText,colorectal cancer!,,,,,,
0.5,SansHead,blueeye,,,,,
0.1,sound,heartshatter,,,,,
0,SansText,well attack start now go,,,,,,
0.33333,BoneV,128,366,20,0,300,0
0,SansText,wait what was i gonna do         again,,,,,
2.2,BoneV,503,286,100,2,300,1
2.23333,BoneV,503,366,20,2,300,0
0.5,BoneV,503,286,100,2,300,1
0.4,BoneV,128,286,100,0,300,1
0.4,BoneV,128,286,100,0,300,1
0.1,BoneV,128,286,100,0,300,1
0.1,BoneV,128,286,100,0,300,1
0.1,BoneV,128,286,100,0,300,1
0.1,BoneV,128,286,100,0,300,1
0.1,BoneV,128,286,100,0,300,1
0.1,BoneV,128,286,100,0,300,1
0.1,BoneV,128,286,100,0,300,1
0.1,BoneV,128,286,100,0,300,1
0.1,BoneV,128,286,100,0,300,1
0.1,BoneV,128,286,100,0,300,1
0.1,BoneV,128,286,100,0,300,1
0.1,BoneV,128,286,100,0,300,1
0.3,SansText,take a bath stinky,,,,,,
0,GasterBlaster,0,133,0,133,151,90,0.1,0.4
0.09,GasterBlaster,0,133,0,153,151,90,0.1,0.4
0.09,GasterBlaster,0,133,0,173,151,90,0.1,0.4
0.09,GasterBlaster,0,133,0,193,151,90,0.1,0.4
0.09,GasterBlaster,0,133,0,213,151,90,0.1,0.4
0.09,GasterBlaster,0,133,0,233,151,90,0.1,0.4
0,SansBody,HandDown,,,,,,,,,,,
0,Sound,GasterBlaster,1.4,,,,,,,,,,
0.26666,SansSlam,1,,,,,,,,,,,
0.5,SansBody,HandUp,,,,,,,,,,,
0,SansHead,NoEyes,,,,,,,,,,,
0,BoneStab,1,54,0.666,0.5,,,,,,,,
0.09,GasterBlaster,0,133,0,373,151,90,0.1,0.4
0.09,GasterBlaster,0,133,0,393,151,90,0.1,0.4
0.09,GasterBlaster,0,133,0,413,151,90,0.1,0.4
0.09,GasterBlaster,0,133,0,433,151,90,0.1,0.4
0.09,GasterBlaster,0,133,0,453,151,90,0.1,0.4
0,GasterBlaster,1,640,480,379,446,270,0.333,0.26666
0.2,BoneV,503,286,100,2,200,1
0.23333,BoneV,503,366,20,2,200,0
0.2,BoneV,503,356,30,2,200,0
0.2,BoneV,503,346,40,2,200,0
0.5,BoneV,503,286,100,2,250,1
0.2,BoneV,503,366,20,2,200,0
0.2,BoneV,503,356,30,2,200,0
0.2,BoneV,503,346,40,2,200,0
0,GasterBlaster,1,640,480,379,446,270,0.333,0.26666
0.09,GasterBlaster,0,133,0,193,151,90,2.1,0.4
0.09,GasterBlaster,0,133,0,213,151,90,2.1,0.4
0.09,GasterBlaster,0,133,0,233,151,90,2.1,0.4
0.09,GasterBlaster,0,133,0,393,151,90,2.1,0.4
0.09,GasterBlaster,0,133,0,413,151,90,2.1,0.4
0.09,GasterBlaster,0,133,0,433,151,90,2.1,0.4
0.5,BoneV,503,286,100,2,210,1
0.2,BoneV,503,366,20,2,200,0
0.2,BoneV,503,356,30,2,200,0
0.2,BoneV,503,346,40,2,200,0
1.2,BoneV,128,286,100,0,210,1
0.2,BoneV,128,366,20,0,200,0
0.2,BoneV,128,356,30,0,200,0
0.2,BoneV,128,346,40,0,200,0
0.5,BoneV,128,286,100,0,210,1
0.2,BoneV,128,366,20,0,200,0
0.2,BoneV,128,356,30,0,200,0
0.2,BoneV,128,346,40,0,200,0
0.5,BoneV,128,286,100,0,210,1
0.2,BoneV,128,366,20,0,200,0
0.2,BoneV,128,356,30,0,200,0
0.2,BoneV,128,346,40,0,200,0
0.2,BoneV,128,356,30,0,200,0
0.2,BoneV,128,346,40,0,200,0
0,SansText,ew whats that smell,,,,
0,SansText,sounds like some kind of,,,,
0,SansText,BONEr,,,,,
0,SansText,AHAHAHAHAHAHAHAHAHAAHAHHAAHAHA.           HAHAHAHAHAHAHHAHAHAHAHAHAHAHAHAHAHAHA           HAHHAHAHAHAHAHAHAHAHAHAHAAHHAHAHAHAHAHAHAHA          HAHAHAHAHAHAHAHAHAAHAHAHAHAHAHAHAHAHAHA          HAHAHAHAHAHAHAHAHAHAHAHAHAHAHHAHAHAHAHAHAHAHAHAHAAH,,,
0,sound,heartsplit,,
0,sound,heartshatter,,
0,DamagePlayer,-15,1,,
0,sound,playerheal,,,
0,sound,ding,,
0,HeartMode,0,,
0,SansText,uhhh spam incoming,,
0,SansHead,LookLeft,,
0,SansAnimation,default,,
0.15,GasterBlaster,1,0,0,600,200,155,2.75,0.4
0.3,GasterBlaster,1,999,999,600,350,185,2.7,0.4
0.45,GasterBlaster,1,350,0,300,100,55,2.55,0.4
0.6,GasterBlaster,1,999,200,500,275,200,2.4,0.4
0.75,GasterBlaster,1,125,999,475,125,155,2.25,0.4
0.89,GasterBlaster,1,0,200,75,200,35,2.1,0.4
0.605,GasterBlaster,1,200,999,200,450,290,1.95,0.4
0.45,GasterBlaster,1,350,0,300,100,55,2.55,0.4
0.6,GasterBlaster,1,999,200,500,275,200,2.4,0.4
0.75,GasterBlaster,1,125,999,475,125,155,2.25,0.4
0.89,GasterBlaster,1,0,200,75,200,35,2.1,0.4
0,GasterBlaster,1,0,200,75,200,35,0,0.4
0.75,GasterBlaster,1,125,999,475,125,155,2.25,0.4
0.89,GasterBlaster,1,0,200,75,200,35,2.1,0.4
0.605,GasterBlaster,1,200,999,200,450,290,1.95,0.4
0.45,GasterBlaster,1,350,0,300,100,55,2.55,0.4
0.6,GasterBlaster,1,999,200,500,275,200,2.4,0.4
0,GasterBlaster,1,200,999,200,450,290,0,0.4
0.2,DamagePlayer,-31,1,,,,
0,sound,PlayerHeal,,,,
0.5,BoneV,503,286,100,2,300,1
0.4,BoneV,128,286,100,0,300,1
0.4,BoneV,128,286,100,0,300,1
0.1,BoneV,128,286,100,0,300,1
0.1,BoneV,128,286,100,0,300,1
0.1,BoneV,128,286,100,0,300,1
0.1,BoneV,128,286,100,0,300,1
0.1,BoneV,128,286,100,0,300,1
0.1,BoneV,128,286,100,0,300,1
0.1,BoneV,128,286,100,0,300,1
0.1,BoneV,128,286,100,0,300,1
0.1,BoneV,128,286,100,0,300,1
0.1,BoneV,128,286,100,0,300,1
0.1,BoneV,128,286,100,0,300,1
0.1,BoneV,128,286,100,0,300,1
0.71,GasterBlaster,1,0,0,50,350,5,1.8,0.4
0.61,GasterBlaster,1,0,0,600,200,155,1.65,0.4
0.51,GasterBlaster,1,999,999,600,350,185,1.5,0.4
0.6,GasterBlaster,1,999,200,500,275,200,2.4,0.4
0.75,GasterBlaster,1,125,999,475,125,155,2.25,0.4
0.89,GasterBlaster,1,0,200,75,200,35,2.1,0.4
0,PlayerHeal,-16,1,,,,
0,sound,PlayerHeal,,,,
0.5,BoneV,503,286,100,2,300,1
0.4,BoneV,128,286,100,0,300,1
0.4,BoneV,128,286,100,0,300,1
0.1,BoneV,128,286,100,0,300,1
0.1,BoneV,128,286,100,0,300,1
0.1,BoneV,128,286,100,0,300,1
0.1,BoneV,128,286,100,0,300,1
0.1,BoneV,128,286,100,0,300,1
0.1,BoneV,128,286,100,0,300,1
0.1,BoneV,128,286,100,0,300,1
0.1,BoneV,128,286,100,0,300,1
0.1,BoneV,128,286,100,0,300,1
0.1,BoneV,128,286,100,0,300,1
0.1,BoneV,128,286,100,0,300,1
0.1,BoneV,128,286,100,0,300,1
0,GasterBlaster,1,0,200,75,200,35,0,0.4
0,GasterBlaster,1,200,999,200,450,290,0,0.4
0,GasterBlaster,1,0,0,50,350,5,0,0.4
0.615,GasterBlaster,1,350,0,300,100,55,1.35,0.4
0.71,GasterBlaster,1,999,200,500,275,200,1.2,0.4
0.815,GasterBlaster,1,125,999,475,125,155,1.05,0.4
0.45,GasterBlaster,1,350,0,300,100,55,2.55,0.4
0.6,GasterBlaster,1,999,200,500,275,200,2.4,0.4
0.75,GasterBlaster,1,125,999,475,125,155,2.25,0.4
0.89,GasterBlaster,1,0,200,75,200,35,2.1,0.4
0,PlayerHeal,-36,1,,,,
0,sound,PlayerHeal,,,,
0.5,BoneV,503,286,100,2,300,1
0.4,BoneV,128,286,100,0,300,1
0.4,BoneV,128,286,100,0,300,1
0.1,BoneV,128,286,100,0,300,1
0.1,BoneV,128,286,100,0,300,1
0.1,BoneV,128,286,100,0,300,1
0.1,BoneV,128,286,100,0,300,1
0.1,BoneV,128,286,100,0,300,1
0.1,BoneV,128,286,100,0,300,1
0.1,BoneV,128,286,100,0,300,1
0.1,BoneV,128,286,100,0,300,1
0.1,BoneV,128,286,100,0,300,1
0.1,BoneV,128,286,100,0,300,1
0.1,BoneV,128,286,100,0,300,1
0.1,BoneV,128,286,100,0,300,1
0,GasterBlaster,1,0,200,75,200,35,0,0.4
0,GasterBlaster,1,200,999,200,450,290,0,0.4
0,GasterBlaster,1,0,0,50,350,5,0,0.4
7.2,EndAttack,,,,,,
