0,CombatZoneResize,133,251,508,391,TLResume,,
0,HeartTeleport,320,304,,,
0,HeartMode,1,,,,,,
0,TLPause,,,,,,,
0,sound,warning,,
0,sound,flash,,
0,SansBody,Handdown,,
0,SansSlam,1,,
0,Sound,Sansspeak,0,,
0,sound,menuselect,0,,
0,sound,warning,0,,
0,sound,flash,0,,
0,SansText,du bist gut genung,,,,
0,sound,playerfight,,
0,SansAnimation,Idle,,,
0.1,GasterBlaster,0,133,0,173,151,90,2.5,0.4
0.1,GasterBlaster,0,133,0,193,151,90,2.6,0.4
0.1,GasterBlaster,0,133,0,213,151,90,2.7,0.4
0.1,GasterBlaster,0,133,0,233,151,90,2.8,0.4
0.1,GasterBlaster,0,133,0,253,151,90,2.9,0.4
0.1,GasterBlaster,0,133,0,273,151,90,2.9,0.4
0.1,GasterBlaster,0,133,0,293,151,90,2.9,0.4
0.1,GasterBlaster,0,133,0,313,151,90,2.9,0.4
0.1,GasterBlaster,0,133,0,333,151,90,1.9,0.4
0.1,GasterBlaster,0,133,0,353,151,90,1.9,0.4
0.1,GasterBlaster,0,133,0,373,151,90,1.9,0.4
0,SansBody,HandLeft
0.3,SansSlam,2,,
0.1,BoneStab,2,35,0.4,0.2,,
0.1,SansSlam,1,,
0.1,BoneStab,1,45,0.7,0.3,,
1.2,BoneV,503,366,20,2,300,0
0.5,BoneV,503,286,100,2,300,1
0.1,BoneV,128,286,100,0,300,1
1.2,BoneV,503,366,20,2,300,0
0.1,BoneV,128,286,100,0,300,1
0.1,BoneV,128,286,100,0,300,1
1.2,BoneV,503,366,20,2,300,0
0.1,BoneV,128,286,100,0,300,1
0.1,BoneV,128,286,100,0,300,1
0.1,BoneV,128,286,100,0,300,1
1.2,BoneV,503,366,20,2,300,0
0,sound,slam,,
6.5,BlackScreen,1,,,,
0,Sound,Flash,,,,
0,Sound,Ding,,,
0.5,BlackScreen,0,,,,,
0,HeartTeleport,320,304,,,
0,SansHead,NoEyes,,,
0,CombatZoneResizeInstant,241,226,406,391,,,,,,,,
1.9,SANSBODY,HANDUP,,,,,,,,,,,
0,SansSlam,3,,,,,,,,,,,
0.2,SansAnimation,default,,,,
0,GasterBlaster,1,320,0,320,126,90,0.4,0.2,,,,
0,GasterBlaster,1,320,480,320,491,270,0.4,0.2,,,,
0,GasterBlaster,1,0,0,189,246,0,0.4,0.2,,,,
0,GasterBlaster,1,640,480,449,366,180,0.4,0.2,,,,
2.1,BlackScreen,1,,,,
0,Sound,Flash,,,,
0,Sound,Ding,,,
0.5,BlackScreen,0,,,,,
0,HeartTeleport,320,304,,,
0.4,SansBody,HandLeft,,
0,SansSlam,2,,
0.5,SANSBODY,HANDDOWN,,,,,,
0.1,SansSlam,1,,,,,
0.2,SansAnimation,Idle,,
0,GasterBlaster,1,0,0,189,176,45,0.4,0.2,,,,
0,GasterBlaster,1,640,0,449,176,135,0.4,0.2,,,,
0,GasterBlaster,1,640,480,449,436,225,0.4,0.2,,,,
0,GasterBlaster,1,0,480,189,436,315,0.4,0.2,,,,
2.5,BlackScreen,1,,,,
0,Sound,Flash,,,,
0,Sound,Ding,,,
0.5,BlackScreen,0,,,,,
0,HeartTeleport,320,304,,,
0,sound,ding,,
0,HeartMode,0,,
0,SansSlam,1,,
0,SansBody,handdown,,
0.5,BoneStab,1,40,0.3,0.5
1.2,BlackScreen,1,,,,
0,Sound,Flash,,,,
0,Sound,Ding,,,
0.1,BlackScreen,0,,,,,
0,HeartTeleport,320,304,,,
0,sound,ding,,
0,HeartMode,1,,
1,SANSBODY,HANDright,,,,,,,,,,,
0,SansSlam,0,,,,,,,,,,,
0.2,SansAnimation,Idle,,,,,,,,,,,
0,GasterBlaster,1,0,0,189,246,0,0.4,0.2,,,,
0,GasterBlaster,1,0,0,259,166,90,0.4,0.2,,,,
0,GasterBlaster,1,640,480,449,366,180,0.4,0.2,,,,
0,GasterBlaster,1,640,480,379,446,270,0.4,0.2,,,,
2.5,BlackScreen,1,,,,
0,Sound,Flash,,,,
0,Sound,Ding,,,
0.5,BlackScreen,0,,,,,
0,HeartTeleport,320,304,,,
0,sound,ding,,
0,SansSlam,1,,
0,SansBody,handdown,,
0.5,BoneStab,1,40,0.3,0.5
1.2,BlackScreen,1,,,,
0,Sound,Flash,,,,
0,Sound,Ding,,,
0.2,BlackScreen,0,,,,,
0,HeartTeleport,320,304,,,
0,HeartMode,1,,
0,sound,ding,,
0,CombatZoneResizeInstant,241,226,406,391,,,,
0,GasterBlaster,2,0,240,139,306,0,1,0.2,,,,
0,GasterBlaster,2,640,240,499,306,180,1,0.2,,,,
0,GasterBlaster,1,320,0,320,126,90,1,0.2,,,,
0,GasterBlaster,1,320,480,259,491,270,1.6,0.2,,,,
0,GasterBlaster,1,320,480,379,491,270,1.6,0.2,,,,
3.2,BlackScreen,1,,,,
0,sound,Flash,,,
1,sound,ding,,,,
0.7,BlackScreen,0,,,,,
0,SansText,blind attack.,,,
0,SansText,press buttons,,,
0,SansText,up down down.,,,
0,BlackScreen,0,,,
1.1,SansSlam,1,,
0,sound,warning,,
0.9,BoneStab,1,50,0.39,0.2
1.1,SansSlam,3,,
0,sound,warning,,
0.3,BoneStab,3,50,0.39,0.2
1.1,SansSlam,3,,
0,sound,warning,,
0.4,BoneStab,3,50,0.4,0.2
0,BlackScreen,0,,
2.5,EndAttack,,,,,,,
