0,CombatZoneResize,133,251,508,391,TLResume
0,HeartTeleport,320,376,,,
0,HeartMode,0,,,,
0,TLPause,,,,,
0.125,GasterBlaster,1,0,0,321,166,90,0,25
0,SET,Total,0,,,
0,:Begin,,,,,
0,JMPNL,End,$Total,400,,
0,RND,Choice,4,,,
0,MUL,Jump,$Choice,3,,
0,ADD,Jump,$Jump,1,,
0,JMPREL,$Jump,,,,
0,SET,HeightB,20,,,
0,ADD,Total,$Total,9,,
0,JMPREL,9,,,,
0,SET,HeightB,30,,,
0,ADD,Total,$Total,11,,
0,JMPREL,6,,,,
0,SET,HeightB,40,,,
0,ADD,Total,$Total,19,,
0,JMPREL,3,,,,
0,SET,HeightB,60,,,
0,ADD,Total,$Total,25,,
0,RND,RndSpeed,3,,,
0,SUB,RndSpeed,$RndSpeed,1,,
0,MUL,RndSpeed,$RndSpeed,1,,,
0,JMPNE,SkipZeroSpeed,$HeightB,40,,
0,SET,RndSpeed,0,,,
0,:SkipZeroSpeed,,,,,
0,SUB,HeightT,111,$HeightB,,
0,SUB,YB,386,$HeightB,,
0,ADD,X,$Total,16,,
0,JMPNE,BoneL,$HeightB,60,,
0,SET,RndSpeed,-1,,,
0,:BoneL,,,,,
0,ADD,SpeedL,4,$RndSpeed,,
0,MUL,XL,$X,$SpeedL,,
0,SUB,XL,320,$XL,,
0,MUL,SpeedL,$SpeedL,15,,
0,JMPE,BoneR,$HeightB,60,,
0,MUL,RndSpeed,$RndSpeed,-1,,
0,:BoneR,,,,,
0,ADD,SpeedR,4,$RndSpeed,,
0,MUL,XR,$X,$SpeedR,,
0,ADD,XR,320,$XR,,
0,MUL,SpeedR,$SpeedR,15,,
0,BoneV,$XL,257,$HeightT,0,$SpeedL
0,BoneV,$XL,$YB,$HeightB,0,$SpeedL
0,BoneV,$XR,257,$HeightT,2,$SpeedR
0,BoneV,$XR,$YB,$HeightB,2,$SpeedR
0,BoneV,$XL,257,$HeightT,0,$SpeedL
0,BoneV,$XR,257,$HeightT,2,$SpeedR
0,BoneV,$XL,$YB,$HeightB,0,$SpeedL
0,BoneV,$XR,$YB,$HeightB,2,$SpeedR
0,BoneV,$XL,257,$HeightT,0,$SpeedL
0,BoneV,$XR,257,$HeightT,2,$SpeedR
0,BoneV,$XL,$YB,$HeightB,0,$SpeedL
0,BoneV,$XR,$YB,$HeightB,2,$SpeedR
0,MUL,Jump,$Choice,2,,
0,ADD,Jump,$Jump,1,,
0,JMPREL,$Jump,,,,
0,ADD,Total,$Total,15,,
0,JMPREL,6,,,,
0,ADD,Total,$Total,17,,
0,JMPREL,4,,,,
0,ADD,Total,$Total,19,,
0,JMPREL,2,,,,
0,ADD,Total,$Total,25,,
0,JMPABS,Begin,,,,
0,:End,,,,,
0.5,GasterBlaster,1,0,0,480,259,246,0,0.333,0.3
0.8,GasterBlaster,0,259,480,259,166,90,0.333,0.3
0.5,GasterBlaster,0,640,366,449,366,180,0.333,0.3
0.3,GasterBlaster,0,379,0,379,446,270,0.333,0.3
0.2,GasterBlaster,0,0,480,320,304,45,0.333,0.3
0.2,GasterBlaster,1,0,0,189,176,45,0.333,0.26666
0.2,GasterBlaster,1,640,0,449,176,135,0.333,0.26666
0.2,GasterBlaster,1,640,480,449,436,225,0.333,0.26666
0.2,GasterBlaster,1,0,480,189,436,315,0.333,0.26666
0.2,GasterBlaster,1,0,0,189,429,420,0.2,0.5
0.2,GasterBlaster,1,0,0,449,189,436,0.2,0.5
0.2,GasterBlaster,1,640,0,449,176,135,0.333,0.26666
0.2,GasterBlaster,1,640,480,449,436,225,0.333,0.26666
0.2,GasterBlaster,1,0,480,189,436,315,0.333,0.26666
0.2,GasterBlaster,1,0,0,189,429,420,0.2,0.5
0.2,GasterBlaster,1,0,0,449,189,436,0.2,0.5
0,GasterBlaster,1,320,0,320,126,90,0.4,0.2,,,,
0,GasterBlaster,1,320,480,320,491,270,0.4,0.2,,,,
0,GasterBlaster,1,0,0,189,246,0,0.4,0.2,,,,
0,GasterBlaster,1,640,480,449,366,180,0.4,0.2,,,,
7.4,BlackScreen,1,,,,,,,
0,Sound,Flash,,,,,,,
0,CombatZoneResizeinstant,241,251,406,391,,,,
0,HeartTeleport,320,304,,,,,,
0,HeartMode,1,,,,,,,
0.3,BlackScreen,0,,,,,,,
2,SANSBODY,HANDDOWN,,,,,,,,,,,
0,SansSlam,1,,,,,,,,,,,
0,HeartMode,0,,,,,
0.2,SansAnimation,,,,,,,,,,,,
0.9,SansText,it doesnt matter.,,,,,
0,SansText,i will forgive you,,,,,,
0,SansText,if you give a Seamsung          Bespoke AI Laundry           Washer AI EcoBubble.,,,,,
0,SansText,now priced at a low low          price of $1150!,,,,,,
0,sansbody,handup,,
0,sansslam,3,,
0,sound,ding,,
0,sound,warning,,
0,sound,slam,,
0,SansText,no its not a sponsor,,,,,,
0,BoneStab,3,25,0.5,0.6,,
0.2,SansBody,HandDown,,
0,sound,slam,,
0,SansSlam,1,,
0,BoneStab,1,35,0.3,0.5,,
0.5,GasterBlaster,0,640,366,449,366,180,0.333,0.3
0.3,GasterBlaster,0,379,0,379,446,270,0.333,0.3
0.3,sound,slam,,
0,sansbody,handdown,,
0,sansslam,1,,
0,sound,ding,,
0,heartmode,0,,
0,GasterBlaster,1,320,0,320,126,90,0.2,0.5,,,,
0,GasterBlaster,1,320,480,320,491,270,0.4,0.5,,,,
0,GasterBlaster,1,0,0,189,246,0,0.4,0.5,,,,
0,GasterBlaster,1,640,480,449,366,180,0.4,0.2,,,,
0,SansText,i want my waffle fries,,,,,
0,sound,warning,,
0,GasterBlaster,1,320,0,320,126,90,0.8,0.5,,,,
0,GasterBlaster,1,320,480,320,491,270,0.8,0.5,,,,
0,GasterBlaster,1,640,480,449,366,180,0.85,0.2,,,,
0,SansBody,HandLeft
0,SansSlam,2,,
0,SansBody,HandDown,,
0,sound,slam,,
0.3,SansSlam,1,,
0.3,BoneStab,2,55,0.3,0.9
6.1,EndAttack,,,,,
