0,CombatZoneResize,241,226,406,391,TLResume,,,
0,HeartTeleport,320,304,,,,,,
0,HeartMode,0,,,,,,,
0,TLPause,,,,,,,,
0,SansSweat,0,,,,,,,
0,SansText,Hey kid,,,,,,,
0,SansText,guess what time it is,,,,,,,
0,SansText,DISCO TIME!,,,,,,
0,SansText,so like im an unfair        person/opponent/evils,,,,,,,
0,SansText,so expect less than,,,,,,,
0,SansText,a fair attack and expect        a totally sightreadable        gaster spam attack.,,,,,,
0,GasterBlaster,1,0,0,191,306,0,0.3,0.1
0,GasterBlaster,1,0,0,321,166,90,0.3,0.1
0,GasterBlaster,1,0,0,449,306,180,0.3,0.1
0,GasterBlaster,1,0,0,321,446,270,0.3,0.1
0.5,GasterBlaster,1,0,0,191,176,45,0.3,0.1
0,GasterBlaster,1,0,0,451,176,135,0.3,0.1
0,GasterBlaster,1,0,0,451,436,225,0.3,0.1
0,GasterBlaster,1,0,0,191,436,315,0.3,0.1
0.7,GasterBlaster,1,0,0,191,246,0,0.3,0.1
0,GasterBlaster,1,0,0,259,166,90,0.3,0.1
0,GasterBlaster,1,0,0,449,366,180,0.3,0.1
0,GasterBlaster,1,0,0,379,446,270,0.3,0.1

0,SansText,well well well,,,,
0,SansText,u probably cheated to          get here,,,
0,SansText,well...,,,
0,SansText,it looks like your           masochism...,,,
0,SansText,is even worse than I         thought.,,,
0,SansText,but you do realise.,,,
0,SansText,you cant kill me.,,,
0,SansText,i know that other          simulator,,,
0,SansText,you dont get to kill            us in sims,,,
0,SansText,so mr obese/rotund evils...,,,
0,SansText,time to die.,,,
0,SansText,also got to throw in           something,,,
0,SansText,die...,,,
0,SansText,evil they/them frisk!,,,
0,DamagePlayer,-999,1,,,,,,,
0,sound,playerheal,,,,,,,,
0,BoneStab,1,65,0.1,0.4,,,,,
0,BoneStab,3,65,0.1,0.4,,,,,
0,GasterBlaster,1,0,0,180,325,360,0.5,0.2,
0,GasterBlaster,1,0,0,180,385,360,0.9,0.3,
0,GasterBlaster,1,0,0,180,265,360,0.9,0.3,
0.8,SansBody,HandLeft,,,,,,,,
0,SansSlam,2,,,,,,
0,SansText,heh. even i know...,,,
0,SansText,that the person writing the            dialogues right now...,,,,
0,SansText,was so lazy that he didnt even write the         csv for this attack,,,,,
0,SansText,probably copied it...,,,,,,
0,SansText,well...,,,,,,
0,DamagePlayer,-90,1,,,,,,,
0,sound,PlayerHeal,,,,,,
0,SansText,stop healing the player,,,,,,
0,SansText,seriously?,,,,,,
0,SansSlam,1,,,,,,,,
0,HeartMode,0,,,,,,
1,BonevRepeat,650,281,80,2,290,8,400,,
0,BonevRepeat,800,206,80,2,290,8,400,,
0,BonevRepeat,665,281,80,2,290,8,400,,
0,BonevRepeat,815,206,80,2,290,8,400,,
0,BoneStab,1,40,0,10,,,,,
0,BoneStab,3,40,0,10,,,,, 
6,CombatZoneResize,100,0,540,480,,,,,
0,CombatZoneSpeed,5000,,,,,,,,
0,SansAnimation,Idle,,,,,,,,
0,SansSlam,1,,,,,,
0,PlatformRepeat,0,440,40,0,160,30,200,,
0,BoneHRepeat,100,440,40,0,160,30,200,,
0,PlatformRepeat,640,400,40,2,160,30,200,,
0,BoneHRepeat,740,400,40,2,160,30,200,,
0,PlatformRepeat,0,360,40,0,160,30,200,,
0,BoneHRepeat,100,360,40,0,160,30,200,,
0,PlatformRepeat,640,320,40,2,160,30,200,,
0,BoneHRepeat,740,320,40,2,160,30,200,,
0,PlatformRepeat,0,280,40,0,160,30,200,,
0,BoneHRepeat,100,280,40,0,160,30,200,,
0,PlatformRepeat,640,240,40,2,160,30,200,,
0,BoneHRepeat,740,240,40,2,160,30,200,,
0,PlatformRepeat,0,200,40,0,160,30,200,,
0,BoneHRepeat,100,200,40,0,160,30,200,,
0,PlatformRepeat,640,160,40,2,160,30,200,,
0,BoneHRepeat,740,160,40,2,160,30,200,,
0,PlatformRepeat,0,120,40,0,160,30,200,,
0,BoneHRepeat,100,120,40,0,160,30,200,,
0,PlatformRepeat,640,80,40,2,160,30,200,,
0,BoneHRepeat,740,80,40,2,160,30,200,,
0,PlatformRepeat,0,60,40,0,160,30,100,,
1,BoneStab,1,60,1,99,,,,,
6,BoneHRepeat,100,480,440,3,60,7,15,,
0,BoneHRepeat,100,585,440,3,60,17,15,,
4,BlackScreen,1,,,,,,,
0,Sound,Flash,,,,,,,
0.13333,BlackScreen,0,,,,,,,
0,Sound,Flash,,,,,,,
0,CombatZoneResize,121,186,526,391,,,,
0,HeartTeleport,286,230,,,,,,
0,HeartMode,1,,,,,,,
0,BoneStab,1,64,0,9999,,,,
0,Platform,246,270,43,0,80,1,
1.33333,BoneV,128,276,70,0,260,0
0,BoneV,128,156,90,0,260,0
0,BoneV,128,240,3000,0,260,2
0.33333,BoneV,128,266,70,0,260,0
0,BoneV,128,146,90,0,260,0
1.33333,BoneV,128,276,70,0,260,0
0,BoneV,128,156,90,0,260,0
0,BoneV,128,240,3000,0,260,2
0.33333,BoneV,128,256,70,0,260,0
0,BoneV,128,136,90,0,260,0
1.03333,BoneV,428,260,70,2,260,0
0,BoneV,428,150,90,2,260,0
0.53333,BoneV,428,260,70,2,260,0
0,BoneV,428,150,90,2,260,0
0.53333,BoneV,428,260,70,2,260,0
0,BoneV,428,150,90,2,260,0
1.9,BlackScreen,1,,,,,,,
0,sound,Slam,,,,,,,
0.08,BlackScreen,0,,,,,,,
0,BoneStab,1,64,0,9999,,,,
0,Platform,246,270,43,0,0,1,
0,Platform,346,270,43,0,0,1,
0,Platform,120,270,43,0,0,1,
0.4,GasterBlaster,1,0,0,126,66,90,0,0.5
0.9,GasterBlaster,1,0,0,246,66,90,0,0.5
0,GasterBlaster,1,0,0,346,66,90,0,0.4
0.5,GasterBlaster,1,0,0,126,66,90,0,0.5
0.9,GasterBlaster,1,0,0,246,66,90,0,0.5
0,GasterBlaster,1,0,0,346,66,90,0,0.4
0.3,GasterBlaster,0,0,240,320,240,0,0.5,0.3
0,GasterBlaster,0,640,240,320,240,180,0.5,0.3
0,GasterBlaster,0,320,0,320,240,90,0.5,0.3
0,GasterBlaster,0,320,480,320,240,270,0.5,0.3
0,GasterBlaster,0,0,0,320,240,45,0.5,0.3
0,GasterBlaster,0,640,0,320,240,135,0.5,0.3
0,GasterBlaster,0,640,480,320,240,225,0.5,0.3
0,GasterBlaster,0,0,480,320,240,315,0.5,0.3
0,GasterBlaster,0,160,0,320,240,60,0.5,0.3
0,GasterBlaster,0,480,480,320,240,240,0.5,0.3
1,sound,Slam,,,,,,,
0,Platform,126,310,43,0,50,1,
0.5,GasterBlaster,1,640,240,560,240,180,0.1,0.3
1,GasterBlaster,1,640,240,560,310,180,0.1,0.3
1,GasterBlaster,1,640,240,560,240,180,0.1,0.3
1,BlackScreen,1,,,,,,,
0,Sound,Flash,,,,,,,
0.13333,BlackScreen,0,,,,,,,
0,Sound,Flash,,,,,,,
0,CombatZoneResize,241,226,406,391,,,,
0,HeartTeleport,320,304,,,,,,
0.3,SansBody,HandLeft,,,,,,,
0.2,SansSlam,2,,,,,,,
0.3,SansBody,HandRight,,,,,,,
0.2,HeartMaxFallSpeed,450,,,,,,,
0,CombatZoneResizeInstant,241,226,449,391,,,,
0,CombatZoneSpeed,900,,,,,,,
0,CombatZoneResize,241,226,650,391,,,,
0,SansAnimation,Idle,,,,,,,
0,SansRepeat,,,,,,,,
0,CombatZoneResize,-10,226,650,391,,,,
0.3,CombatZoneSpeed,30,,,,,,,
0,CombatZoneResize,-10,264,650,369,,,,
0.9,GetHeartPos,HeartX,HeartY,,,,,,
0,HeartTeleport,40,$HeartY,,,,,,
0,SansSlam,1,,,,,,,
1.7,bonev,700,371,5,2,900,,,
0,bonev,750,366,10,2,900,,,
0,bonev,800,361,15,2,900,,,
0,bonev,850,356,20,2,900,,,
0,bonev,900,351,25,2,900,,,
0,bonev,950,346,30,2,900,,,
0,bonev,1000,341,35,2,900,,,
0,bonev,1050,336,40,2,900,,,
0,bonev,1100,331,45,2,900,,,
0,bonev,1150,326,50,2,900,,,
0,bonev,1200,321,55,2,900,,,
0,bonev,1250,316,60,2,900,,,
0,bonev,700,241,5,2,900,,,
0,bonev,750,241,10,2,900,,,
0,bonev,800,241,15,2,900,,,
0,bonev,850,241,20,2,900,,,
0,bonev,900,241,25,2,900,,,
0,bonev,950,241,30,2,900,,,
0,bonev,1000,241,35,2,900,,,
0,bonev,1050,241,40,2,900,,,
0,bonev,1100,241,45,2,900,,,
0,bonev,1150,241,50,2,900,,,
0,bonev,1200,241,55,2,900,,,
0,bonev,1250,241,60,2,900,,,
1,HeartMaxFallSpeed,330,,,,,,,
0,SansSlam,0,,,,,,,
0,CombatZoneSpeed,540,,,,,,,
0,CombatZoneResize,-10,264,410,369,,,,
0.9,SansEndRepeat,,,,,,,,
0,SansHead,Default,,,,,,,
0,SansTorso,Default,,,,,,,
0,SansBody,HandLeft,,,,,,,
0.2,BoneStab,0,50,0.4,1,,,,
0,GasterBlaster,0,0,0,285,222,90,0,1
0.9,BlackScreen,1,,,,,,,
0,Sound,Flash,,,,,,,
0.4,BlackScreen,0,,,,,,,
0,Sound,Flash,,,,,,,
0,CombatZoneResizeInstant,239,226,404,391,,,,
0.2,BlackScreen,1,,,,,,,
0,Sound,Flash,,,,,,,
0.1,BlackScreen,0,,,,,,,
0,Sound,Flash,,,,,,,
0,SansSlam,2,,
0.5,SansBody,HandRight,,
0,SineBones,15,20,300,40
1.4,HeartMode,0,,,,
0,Sound,Ding,,,,,,,
0.7,SineBones,15,20,300,40
0,SineBones,15,-20,300,40
1.5,BlackScreen,1,,,,,,,
0,Sound,Flash,,,,,,,
0.1,BlackScreen,0,,,,,,,
0,HeartTeleport,320,376,,,,,,
0,HeartMode,1,,,,,,,
0,SansAnimation,HeadBob,,,,,,,
0.03333,BoneStab,1,60,0.8,1,,,,
0.9,BlackScreen,1,,,,,,,
0,Sound,Flash,,,,,,,
0.1,BlackScreen,0,,,,,,,
0,Sound,Flash,,,,,,,
0,HeartTeleport,262,240,,,,,,
0,SansSlam,3,,,,,,,
0.03333,BoneStab,2,60,0.8,1,,,,
0,BoneStab,3,60,0.8,1,,,,
0.9,BlackScreen,1,,,,,,,
0,Sound,Flash,,,,,,,
0.1,BlackScreen,0,,,,,,,
0,Sound,Flash,,,,,,,
0,HeartTeleport,391,376,,,,,,
0,SansSlam,0,,,,,,,
0.03333,BoneStab,0,60,0.8,1,,,,
0,BoneStab,1,60,0.8,1,,,,
0.9,BlackScreen,1,,,,,,,
0,Sound,Flash,,,,,,,
0.1,BlackScreen,0,,,,,,,
0,Sound,Flash,,,,,,,
0,HeartTeleport,262,240,,,,,,
0,SansSlam,2,,,,,,,
0,SansX,320,,,,,,,
0.03333,BoneStab,2,48,0.6,0.6,,,,
0.6,BoneStab,2,35,0,0.6,,,,
0,BoneStab,1,35,0,0.6,,,,
0,BoneStab,0,35,0,0.6,,,,
0,BoneStab,3,35,0,0.6,,,,
0,HeartMode,0,,,,,,
0.4,GasterBlaster,1,0,0,126,66,90,0,0.5
0.9,GasterBlaster,1,0,0,246,66,90,0,0.5
0,SansText,ugh...,,,,,,
0.7,BoneV,190,336,-3000,0,280,1
0.1,BoneV,190,336,-30,0,20,1
0.1,BoneV,190,336,-320,0,80,1
0.1,BoneV,190,336,-20,0,50,1
0.1,BoneV,190,336,-234,0,180,1
0.1,BoneV,190,336,-234,0,90,1
0.1,BoneV,190,336,-34,0,55,1
0.1,BoneV,190,336,-324,0,76,1
0.1,BoneV,190,336,-34,0,25,1
0.1,BoneV,190,336,-324,0,86,1
0.1,BoneV,190,336,-30,0,40,1
0.1,BoneV,190,336,-320,0,80,1
0.1,BoneV,190,336,-30,0,20,1
0.1,BoneV,190,336,-320,0,80,1
0.1,BoneV,190,336,-20,0,50,1
0.1,BoneV,190,336,-234,0,180,1
0.1,BoneV,190,336,-20,0,56,1
0.1,BoneV,190,336,-234,0,90,1
0.1,BoneV,190,336,-34,0,55,1
0.1,BoneV,190,336,-324,0,76,1
0,DamagePlayer,-120,1,,,,,,
0,SansText,stop healing!,,,,,,
0,SansBody,handdown,,,,,,
0,SansSlam,1,,,,,,
0,DamagePlayer,60,1,,,,,
0,sound,HeartSplit,,,,,,
0,sound,DamagePlayer,,,,,
0,DamagePlayer,-99,1,,,,,,
0,sound,PlayerHeal,,,,,,
0,SansText,GAHHHHH!,,,,,,
0,SansHead,ClosedEyes,,,,,,,
0,SansText,ready?,,,,,,,
0,SansText,frankly i dont care.,,,,,,
0,CombatZoneResizeInstant,239,226,404,391,,,,
0,HeartTeleport,320,304,,,,,,
0,HeartMode,0,,,,,,,
0,SansBody,HandDown,,,,,,,
0,SansHead,BlueEye,,,,,,,
0,Sound,GasterBlaster,1.4,,,,,,
0.26666,SansSlam,1,,,,,,,
0,BoneStab,0,54,0,2.5,,,,
0,BoneStab,2,54,0,2.5,,,,
0,BoneStab,1,54,0.36666,1,,,,
0.5,SansBody,HandUp,,,,,,,
0,SansSlam,3,,,,,,,
0,SansHead,NoEyes,,,,,,,
0,GasterBlaster,1,0,0,189,246,0,0.333,0.26666
0,GasterBlaster,1,0,0,259,166,90,0.333,0.26666
0,GasterBlaster,1,640,480,449,366,180,0.333,0.26666
0,GasterBlaster,1,640,480,379,446,270,0.333,0.26666
0.2,BoneStab,3,54,0.36666,0.63334,,,,
0.7,HeartMode,0,,,,,,,
0,SansBody,HandRight,,,,,,,
0,Sound,Ding,,,,,,,
0,GasterBlaster,1,0,0,259,166,90,0.333,0.26666
0,GasterBlaster,1,640,480,379,446,270,0.333,0.26666
0.4,Sound,GasterBlaster,1.4,,,,,,
3,SineBones,40,-24,720,25,,,,
0.4,GasterBlaster,1,0,0,189,246,0,0.333,0
0,GasterBlaster,1,640,480,449,366,180,0.333,0
0,GasterBlaster,2,0,0,189,246,0,0.23333,0.2
0,GasterBlaster,2,0,0,259,166,90,0.23333,0.2
0,GasterBlaster,2,640,480,449,366,180,0.23333,0.2
0,GasterBlaster,2,640,480,379,446,270,0.23333,0.2
0.6,SansBody,HandLeft,,,,,,,
0,SansSlam,2,,
0,GasterBlaster,2,0,0,189,176,45,0.23333,0.2
0,GasterBlaster,2,640,0,449,176,135,0.23333,0.2
0,GasterBlaster,2,640,480,449,436,225,0.23333,0.2
0,GasterBlaster,2,0,480,189,436,315,0.23333,0.2
0,GasterBlaster,2,0,0,189,246,0,0.23333,0.2
0,GasterBlaster,2,640,480,449,366,180,0.23333,0.2
0.3,HeartMode,0,,,,,,,
0.3,GasterBlaster,2,0,0,189,246,0,0.23333,0.2
0,GasterBlaster,2,0,0,259,166,90,0.23333,0.2
0,GasterBlaster,2,640,480,449,366,180,0.23333,0.2
0,GasterBlaster,2,640,480,379,446,270,0.23333,0.2
0,Sound,Ding,,,,,,,
0,SansHead,BlueEye,,,,,,,
0.4,GasterBlaster,2,0,240,139,306,0,0.55,0.5
0,GasterBlaster,2,640,240,499,306,180,0.55,0.5
0,GasterBlaster,2,0,240,324,106,90,0.5,0.5
0,GasterBlaster,2,640,240,324,506,270,0.5,0.5
0,GasterBlaster,1,0,0,189,246,0,1.3,0.5
0,GasterBlaster,1,0,0,259,166,90,1.3,0.5
0,GasterBlaster,1,640,480,499,366,180,1.3,0.5
0,GasterBlaster,1,640,480,379,446,270,1.3,0.5
0,GasterBlaster,2,0,240,139,306,0,2.15,0.5
0,GasterBlaster,2,640,240,499,306,180,2.15,0.5
0,GasterBlaster,2,0,240,324,106,90,2.1,0.5
0,GasterBlaster,2,640,240,324,506,270,2.1,0.5
0,GasterBlaster,0,0,240,139,306,0,1.35,0.5
0,GasterBlaster,0,640,240,499,306,180,1.35,0.5
0,GasterBlaster,0,0,240,324,106,90,1.3,0.5
0,GasterBlaster,0,640,240,324,506,270,1.3,0.5
3.1,GasterBlaster,2,0,0,189,246,0,0,0.2
0,GasterBlaster,2,0,0,259,166,90,0,0.2
0,GasterBlaster,2,640,480,499,366,180,0,0.2
0,GasterBlaster,2,640,480,379,446,270,0,0.2
0,GasterBlaster,2,0,306,139,306,0,0.56,0.2
0,GasterBlaster,2,640,306,499,306,180,0.56,0.2
0,GasterBlaster,2,259,0,259,166,90,0.56,0.2
0,GasterBlaster,2,379,480,379,366,270,0.56,0.2
0,GasterBlaster,2,379,0,379,166,90,0.56,0.2
0,GasterBlaster,2,259,480,259,366,270,0.56,0.2
0,GasterBlaster,2,0,240,139,306,0,1.25,0.45
0,GasterBlaster,2,640,240,499,306,180,1.25,0.45
0,GasterBlaster,2,0,240,324,106,90,1.2,0.45
0,GasterBlaster,2,640,240,324,506,270,1.2,0.45
2,SansHead,NoEyes,,,,,,,
0,CombatZoneResize,133,251,508,391,TLResume,,
0,HeartTeleport,320,376,,,,,
0,HeartMode,1,,,,,,
0,TLPause,,,,,,,
0.2,BoneVRepeat,128,257,95,0,180,8,120
0,BoneVRepeat,128,366,20,0,180,8,120
0,BoneVRepeat,503,257,95,2,180,8,120
0,BoneVRepeat,503,366,20,2,180,8,120
0,BoneVRepeat,400,340,25,2,135,10,85
0,GasterBlaster,0,140,0,140,150,90,0.56666,0.2
0,GasterBlaster,0,500,0,500,150,90,0.56666,0.2
0,GasterBlaster,0,180,0,180,150,90,0.56666,0.2
0,GasterBlaster,0,460,0,460,150,90,0.56666,0.2
0,GasterBlaster,0,220,0,220,150,90,0.56666,0.2
0,GasterBlaster,0,420,0,420,150,90,0.56666,0.2
3.5,BoneVRepeat,128,366,20,0,150,8,120
0,BoneVRepeat,503,366,20,2,150,8,120
0,GasterBlaster,0,260,0,260,150,90,0.56666,0.2
0,GasterBlaster,0,380,0,380,150,90,0.56666,0.2
0,GasterBlaster,0,180,0,180,150,90,0.56666,0.2
0,GasterBlaster,0,460,0,460,150,90,0.56666,0.2
0,GasterBlaster,0,220,0,220,150,90,0.56666,0.2
0,GasterBlaster,0,420,0,420,150,90,0.56666,0.2
0,SansText,ugh... i dont have enough,,,,,,
0,SansText,energy...,,,,,,
0,DamagePlayer,-15,,,,,,
0,SansHead,NoEyes,,,,,
0,SansText,cant continue with karma,,,,,
0,SansText,you redditor...,,,,,,
0,BoneVRepeat,128,366,20,0,150,8,120
1,BoneVRepeat,128,257,95,0,180,8,120
0.1,BoneVRepeat,503,257,95,2,180,8,120
0,BoneVRepeat,503,366,20,2,150,8,120
0,GasterBlaster,0,260,0,260,150,90,0.56666,0.2
0,GasterBlaster,0,380,0,380,150,90,0.56666,0.2
2,sansbody,handup,,
0.4,sansslam,3,,
0.2,BoneVRepeat,128,257,20,0,180,8,120
0,BoneVRepeat,128,366,95,0,180,8,120
0,BoneVRepeat,503,257,20,2,180,8,120
0,BoneVRepeat,503,366,95,2,180,8,120
0,SansSlam,1,,
0.2,BoneStab,1,30,0.5,0.3,,,
0,SansSlam,4,,
0.2,BoneStab,4,35,0.3,0.4,,,
0.5,SansSlam,1,,
1.2,BoneVRepeat,128,252,80,0,180,8,165
0,BoneVRepeat,108,252,70,0,180,8,165
0,BoneVRepeat,88,252,60,0,180,8,165
0,BoneVRepeat,128,366,20,0,180,8,165
0,BoneVRepeat,108,356,30,0,180,8,165
0,BoneVRepeat,88,346,40,0,180,8,165
0,BoneVRepeat,503,252,80,2,180,8,165
0,BoneVRepeat,523,252,70,2,180,8,165
0,BoneVRepeat,543,252,60,2,180,8,165
0,BoneVRepeat,503,366,20,2,180,8,165
0,BoneVRepeat,523,356,30,2,180,8,165
0,BoneVRepeat,543,346,40,2,180,8,165
0,SansText,no more adblocks...,,,,,,
0.5,BoneVRepeat,128,366,20,0,140,25,76
0,BoneVRepeat,513,257,107,2,150,25,76
0,HeartMode,0,,,,,,
0,SansText,time for finicky parts,,,,,,
0,SansHead,LookLeft,,,,,,
0,HeartMaxFallSpeed,60,,,,,
0,Sound,Ding,,,,,
0,SansText,thats better.,,,,,,
0,HeartTeleport,320,304,,
0,BoneVRepeat,123,391,55,0,300,8,120
0,BoneVRepeat,518,391,55,2,180,8,120
0,BoneVRepeat,123,251,55,0,300,8,120
0,BoneVRepeat,518,251,55,2,180,8,120
0,SansSlam,4,,,,
3.4,SineBones,24,-24,350,20,,,,
2.2,blackscreen,1,,
0,combatzoneresizeinstant,239,226,404,391,
0,sound,flash,1,,
0.2,blackscreen,0,,
0,sound,flash,1,,
0,SansHead,default,,,
0,SansText,you would have noticed,,,,,,
0,SansText,your gravity has changed,,,,,,
0,SansText,heh.,,,,,,
0,SansText,looks like i just,,,,,,
0,SansText,hit the jackpot?,,,,,,
0,SansText,oops wrong video,,,,,,
0,SansText,i meant,,,,,,
0,SansHead,blueeye,,,,,
0,SansText,y'know this whole time          you gave me some weird          vibes.,,,,,,
0,SansText,it's almost as if            you're not from here.,,,,,,
0,SansText,so, if youre from          another world, it makes me          wonder...,,,
0,SansText,how many worlds have         you destroyed?,,,,,,
0,SansText,because judging from          how you know what to expect         from my attacks...,,,
0,SansText,this ain't your first           rodeo, is it?,,,
0,SansText,to be blunt it makes            it hard to give it my           all.,,,
0,SansText,because if you managed            to beat all those other         sanses...,,,
0,SansText,then how am i supposed            to win?,,,
0,SansText,im a mid d tier sans,,,,,,
0,SansText,and like my name...,,,,,,
0,SansText,isnt even sans...,,,,,,
0,SansText,that being said...,,,,,,
0,SansText,this script from reddit         is actually interesting.,,,,,,
0,SansText,wait this is a deltarune         script?,,,,,,
0,SansHead,blueeye,,,
0,SansText,DIE.,,,,,,
0,SansHead,default,,,
0,HeartTeleport,320,304,,
0,HeartMode,1,,,,,
0,SansHead,wink,,,,,,
0,HeartMaxFallSpeed,30,,,,,,
0.2,BoneVRepeat,128,257,95,0,180,3,120
0,BoneVRepeat,128,366,20,0,180,3,120
0,BoneVRepeat,503,257,95,2,180,3,120
0,BoneVRepeat,503,366,20,2,180,3,120
2.5,SansBody,HandUp,,,,,,,
0.26666,SansSlam,3,,,,,,,
0,BoneVRepeat,128,291,95,0,180,3,120
0,BoneVRepeat,128,257,20,0,180,3,120
0,BoneVRepeat,503,291,95,2,180,3,120
0,BoneVRepeat,503,257,20,2,180,3,120
0.3,SansAnimation,Idle,,,,,,,
2.2,SansBody,HandDown,,,,,,,
0.26666,SansSlam,1,,,,,,,
0,BoneVRepeat,128,257,95,0,180,3,120
0,BoneVRepeat,128,366,20,0,180,3,120
0,BoneVRepeat,503,257,95,2,180,3,120
0,BoneVRepeat,503,366,20,2,180,3,120
0.3,SansAnimation,Idle,,,,,,,
0,SansHead,default,,,,,,
0,DamagePlayer,-40,,,,,,
0,SansText,ok this is pissing me         off,,,,,,
0,HeartFallMaxSpeed,40,,,,,,
0.4,BoneVRepeat,518,391,20,0,80,137,20
0,BoneVRepeat,133,356,40,0,120,41,15
0,Platform,535,346,51,0,180,200,,
0,Platform,535,316,51,0,180,200,,
1,Platform,535,346,51,0,180,300,,
0,Platform,535,346,51,0,180,300,,
1,Platform,535,346,51,0,180,300,,
0,GasterBlaster,1,720,0,520,340,180,0.56666,0.2
1,Platform,535,296,51,0,180,300,,
0,Platform,535,326,51,0,180,300,,
1,Platform,535,326,51,0,180,300,,
0,Platform,535,316,51,0,180,300,,
0,GasterBlaster,1,160,0,160,140,90,0.56666,0.2
0,GasterBlaster,1,480,0,480,140,90,0.56666,0.2
1,Platform,535,346,51,0,180,300,,
0,Platform,535,346,51,0,180,300,,
0,BoneRepeat,B,558,391,50,0,180,300,0,1,120
0,BoneRepeat,T,558,251,30,0,180,300,0,1,120
1,Platform,535,346,51,0,180,300,,
0,Platform,535,346,51,0,180,300,,
0,Platform,535,346,51,0,180,300,,
0,CombatZoneResize,133,251,508,391,TLResume,,
0,HeartTeleport,320,376,,,,,
0,HeartMode,1,,,,,,
0,TLPause,,,,,,,
1,BoneVRepeat,492,267,40,3,90,42,41
0,BoneVRepeat,140,331,40,1,120,52,41
0.5,BoneVRepeat,513,366,20,2,135,9,76
0,BoneVRepeat,553,257,107,2,135,9,76
7.7,BoneVRepeat,128,366,20,0,135,9,76
0,BoneVRepeat,88,257,107,0,135,9,76
0,SansText,...,,,,,,
0,SansText,ok ok fine...,,,,,,
0,SansText,you can keep your adblocker,,,,,,
0,SansText,bye bye...,,,,,,
0,SansText,you beat me...,,,,,,
0.9,BlackScreen,1,,,,,,,
0,Sound,PlayerFight,,,,,,
0,Sound,HeartSplit,,,,,,
0,Sound,HeartShatter,,,,,,
12.4,EndAttack,,,,,,
